Winery,Aglianico,Barbera,Cabernet Sauvignon,Cab Franc,Carignane,Cinsault,Dolcetto,Grenache,Merlot,Malbec,Mourvedre,Petite Sirah,Petit Verdot,Pinot Noir,Primitivo,Red Blend,Red Dessert,Sangiovese,Syrah,Tempranillo,Zinfandel,Sparking / Champagne,Albarino,Chardonnay,Chenin Blanc,Gewürztraminer,Grenache Blanc,Marsanne,Pinot Blanc,Pinot Gris,Riesling,Rosé,Roussanne,Sauvignon Blanc,Semillon,Vermentino,Viognier,White Blend,White Dessert
32 Winds Wine,,,Yes,,,,,,,,,,,Yes,,,,,,,Yes,,,Yes,,,,,,,,,,Yes,,,,,
A. Rafanelli Winery,,,Yes,,,,,,,,,,,,,,,,,,Yes,,,,,,,,,,,,,,,,,,
ACORN Winery / Alegria Vineyards,,,,Yes,,,Yes,,,,,,,,,Yes,,Yes,Yes,,Yes,,,,,,,,,,,Yes,,,,,,,
Adobe Road Winery,,,Yes,Yes,,,,Yes,,,,Yes,,Yes,,,,,Yes,,Yes,,,,,,,,,,,,,Yes,Yes,,Yes,,
Adobe Road Winery Tasting Room,,,Yes,Yes,,,,Yes,,,,Yes,,Yes,,,,,Yes,,Yes,,,,,,,,,,,,,Yes,Yes,,Yes,,
Adrian Fog Winery,,,,,,,,,,,,,,Yes,,,,,,,,,,,,,,,,,,,,,,,,,
Albini Family Vineyards,,,,,,,,,Yes,,,,,,,,,,,,Yes,,,,,,,,,,,,,,,,,,
Alexander Valley Vineyards,,,Yes,Yes,,,,,Yes,,,,,Yes,,Yes,,,Yes,,Yes,,,Yes,,Yes,,,,,,Yes,,,,,,,
Amapola Creek Vineyards and Winery,,,Yes,,,,,,,,,Yes,,,,Yes,,,,,Yes,,,Yes,,,,,,,,Yes,,,,,,,
Amista Vineyards,,,Yes,,,,,,,,,,,,,Yes,Yes,,Yes,,Yes,Yes,,Yes,,,,,,,,Yes,,,,,,,
Amorosa Bella at Cellars of Sonoma,,,,,,,,,,,,,,Yes,,,,,,,,Yes,,,,,,,,,,,,,,,,,
Amphora Wines,Yes,Yes,Yes,Yes,Yes,,,Yes,Yes,Yes,,Yes,,Yes,,,,,Yes,Yes,Yes,,,Yes,,,,,,,,,,,,,,,
Anaba Wines,,,,,,,,Yes,,,Yes,Yes,,Yes,,Yes,Yes,,Yes,,,,,Yes,,,Yes,,,,Yes,Yes,,,,,Yes,Yes,Yes
Ancient Oak Cellars,,,Yes,,,,,,,,,,,Yes,,Yes,,,,,Yes,,,Yes,,,,,,,,Yes,,,,,,,
Annadel Estate Winery,,,,,,,,,,,,,,,,Yes,,,,,Yes,,,Yes,,,,,,,,Yes,,,,,,,
Annapolis Winery,,Yes,Yes,,,,,,,,,,,Yes,,,,,,,Yes,,,,,,,,,,,Yes,,,,,,,
Annex Wine Bar,,,,,,,,,,,,,,Yes,,,,,,,Yes,,,Yes,,,,,,,,,,,,,,,
Arbios Cellars / Praxis - Locals Tasting Room,,,Yes,,,,,,Yes,,,,,Yes,,,,,Yes,,,,,,,Yes,,,,,,Yes,,Yes,,,Yes,,
Arista Winery,,,,,,,,,,,,,,Yes,,,,,,,Yes,,,Yes,,Yes,,,,,Yes,,,,,,,,
Armida Winery,,,,,,,,,,,,Yes,,Yes,,Yes,,,,,Yes,,,Yes,,,,,,,,,,Yes,,,,Yes,
Arrowood Vineyards & Winery,,,Yes,,,,,,Yes,Yes,,,,,,Yes,,,Yes,,,,,Yes,,,,,,,Yes,Yes,,,,,Yes,,
Ashton Vineyard,,,,,,,,,,,,,,Yes,,,,,Yes,,,,,,,,,,,,,Yes,,,,,,,
Azari Vineyard,,,,,,,,,,,,,,Yes,,,,,Yes,,,,,,,,,,,,,,,,,,,,
B Wise Vineyards,,,Yes,,,,,,,,,,,,,Yes,,,Yes,,,,,Yes,,,,,,,,Yes,,,,,,,
B.R. Cohn Winery & Olive Oil Company,,,Yes,Yes,,,,,,,,Yes,,Yes,Yes,Yes,Yes,,,,Yes,,,Yes,,,,,,,Yes,Yes,,Yes,,,,,Yes
Bacigalupi Vineyards,,,,,,,,,,,,Yes,,Yes,,,,,,,Yes,,,Yes,,,,,,,,Yes,,,,,,,
Baker Lane Vineyards,,,,,,,,,,,,,,Yes,,Yes,,,Yes,,,,,,,,,,,,,Yes,,,,,Yes,,
Balletto Vineyards,,,,,,,,,,,,,,Yes,,,,,Yes,,Yes,Yes,,Yes,,Yes,,,,Yes,,Yes,,,,,,,
Banshee Wines,,,Yes,,,,,,,,,,,Yes,,Yes,,,,,,,,Yes,,,,,,,,Yes,,Yes,,,,,
Barbed Oak Vineyard,,,,,,,,,,,,,,Yes,,,,,,,,,,Yes,,,,,,,,,,,,,,,
Bartholomew Park Winery,,,Yes,,,,,,,,,,,,,Yes,,,Yes,,Yes,,,Yes,,,,,,,,Yes,,Yes,,,,,
Battaglini  Estate Winery,,,,,,,,,,,,Yes,,,,,,,,,Yes,,,Yes,,,,,,,,Yes,,,,,,,
Bella Vineyards and Wine Caves,,,,,,,,,,,,,,Yes,,Yes,,,Yes,,Yes,,,Yes,,,,,,,,,,,,,,,
Bennett Valley Cellars,,,,,,,,,,,,,,Yes,,,,,,,,,,Yes,,,,,,,,,,,,,,,
Benovia Winery,,,,,,,,Yes,,,,,,Yes,,,,,,,Yes,,,Yes,,,,,,,,Yes,,,,,,,
Benziger Family Winery,,,Yes,,,,,,Yes,,,,,Yes,,Yes,,,Yes,,,,,Yes,,Yes,,,,,,,,Yes,,,,,
Bertapelle Cellars,,,,,,,,,,,,Yes,,Yes,,,,,,,Yes,,,,,,,,,,,,,Yes,,,,,
Bluenose Wines at Hudson Street Wineries,,,,,,,,,,,,Yes,,,,,,,,,Yes,,,Yes,,,,,,,,,,,,,,,
BobDog Wines & Sky Pine Vineyards,,,Yes,Yes,,,,,Yes,,,,Yes,,,Yes,Yes,,,,,,,,,,,,,,,,,,,,,,
Bonneau Wines,,,Yes,,,,,,,,,Yes,,Yes,,,,,,,Yes,,,Yes,,,,,,,,,,,,,,,
Breathless Wines,,,,,,,,,,,,,,,,,,,,,,Yes,,,,,,,,,,Yes,,,,,,,
Bryter Estates,,,Yes,,,,,,,,,,,Yes,,Yes,,,,,,,,Yes,,,,,,,,Yes,,Yes,,,,,
Buena Vista Winery,,,Yes,,Yes,,Yes,Yes,Yes,,Yes,,,Yes,,Yes,,,,,Yes,Yes,,Yes,,,,,,Yes,,Yes,,,,,,Yes,Yes
Bump Wine Cellars,,,Yes,,,,,,,,,,Yes,,,Yes,,,,,Yes,,,,,,,,,,,,,Yes,,,,Yes,
C. Donatiello Winery,,,,,,,,,,,,,,Yes,,,,,,,,Yes,,Yes,,,,,,,,Yes,,,,,,,
Calluna Vineyards,,,Yes,,,,,,Yes,Yes,,,,,,Yes,,,,,,,,,,,,,,,,,,,,,,,
Calstar Cellars,,,,,,,,,,,,,,Yes,,,,,,,Yes,,,Yes,,,,,,,,,,Yes,,,,,
Captûre Wines,,,Yes,,,,,,,,,,,,,Yes,,,,,,,,,,,,,,,,,,Yes,,,,,
Carol Shelton Wines,,,Yes,,,,,,,,,Yes,,Yes,,Yes,Yes,,Yes,,Yes,,,,,,,,,,,Yes,,,,,Yes,Yes,Yes
Cartograph,,,,,,,,,,,,,,Yes,,,,,,,,,,,,Yes,,,,,Yes,,,,,,,,
Cast Wines,,,,,,,,,,,,Yes,,Yes,,,,,,,Yes,Yes,,Yes,,,,,,,,,,Yes,,,,,
Ceja Vineyards,,,Yes,,,,,,Yes,,,,,Yes,,Yes,Yes,,Yes,,,Yes,,Yes,,,,,,,,Yes,,Yes,,,,,Yes
Cellars of Sonoma,,,Yes,Yes,,,,Yes,,,,Yes,,Yes,,Yes,,,Yes,,Yes,Yes,,Yes,,,Yes,,,,,Yes,,Yes,,,,,Yes
Chalk Hill Estate Vineyards & Winery,,,,,,,,,,,,,,Yes,,Yes,,,Yes,,Yes,,,Yes,,,,,,Yes,,Yes,,Yes,,,Yes,,Yes
Chandelle Winery,,,Yes,,,,,,,,,,,,,Yes,,,,,,,,,,,,,,,,,,Yes,,,,,
Chateau Adore,,,Yes,,,,,,Yes,,,,,,,,,,,,,,,,,,,,,,,,,,,,,Yes,
Chateau Diana Winery,,Yes,Yes,Yes,,,,,Yes,Yes,,Yes,,Yes,,Yes,,,Yes,,Yes,Yes,,Yes,,Yes,,Yes,,Yes,Yes,Yes,,Yes,,,Yes,Yes,Yes
Chateau St. Jean Winery,,,Yes,,,,,,Yes,Yes,,,,Yes,,Yes,,,Yes,,,,,Yes,,,,,Yes,Yes,Yes,,,Yes,,,Yes,,Yes
Christopher Creek Winery,,,Yes,Yes,,,,,,,,Yes,,Yes,,Yes,,,Yes,,Yes,,,,,,,,,,,,,,,,Yes,,
Clarbec Wines,,,Yes,,,,,,,,,,,,,,,,,,,,,Yes,,,,,,Yes,,,,,,,,,
Claypool Cellars,,,,,,,,,,,,,,Yes,,Yes,,,,,,,,,,,,,,,,Yes,,,,,,,
Cline Cellars,,,,,Yes,,,Yes,Yes,,Yes,,,Yes,,Yes,Yes,,Yes,,Yes,,,Yes,,Yes,,Yes,,Yes,,Yes,Yes,,,,Yes,Yes,
Clos du Bois Winery,,,Yes,Yes,Yes,,,,Yes,Yes,,Yes,Yes,Yes,,Yes,,,Yes,Yes,Yes,,,Yes,,,,,,Yes,,Yes,,Yes,,,,,
Clouds Rest Vineyards,,,Yes,,,,,,,,,,,Yes,,,,,,,,,,Yes,,,,,,,,,,Yes,,,,,
Colagrossi Wines,,,Yes,Yes,,,,,,,,,,Yes,,,,,,,,,,,,,,,,,,,,,,,,Yes,
Colin Lee Vineyards & Winery,,,Yes,,,,,,,,,Yes,,,,,,,Yes,,,,,,,,,,,,,,,,,,,,
Collier Falls Vineyards - Family Wineries Tasting Room,,,Yes,,,,,,,,,Yes,,,Yes,,Yes,,Yes,,Yes,,,,,,,,,,,,,,,,,,
Comstock Wines,,,Yes,,,,,,,,,,,Yes,,,,,,,Yes,,,Yes,,,,,,,,,,Yes,,,,,
Copain Wines,,,,,,,,,,,,,,Yes,,,,,Yes,,,,,Yes,,,,,,Yes,,Yes,,,,,,,
Corner 103,,,Yes,,,,,,Yes,,,,Yes,Yes,,Yes,,,,,Yes,,,Yes,,,,,,,,Yes,,Yes,,,,,
Coturri Winery,,Yes,Yes,,Yes,,,Yes,Yes,,,Yes,,Yes,Yes,Yes,,Yes,Yes,,Yes,,,Yes,,,,,,,,Yes,,,,,,,
D & L Carinalli Vineyards,,,,,,,,,,,,,,Yes,,,,,,,,,,Yes,,,,,,Yes,,Yes,,,,,,,
D'Argenzio Winery,Yes,Yes,Yes,,,,,,Yes,,,Yes,,Yes,,Yes,Yes,Yes,Yes,,Yes,,,Yes,,Yes,,,,,,,,Yes,,,,,Yes
D.H. Gustafson Family Vineyards,,,Yes,Yes,,,,,,,,Yes,,,,,Yes,,Yes,,Yes,,,,,,,,,,Yes,Yes,,Yes,,,,,
D.H. Gustafson Family Vineyards Healdsburg Tasting Room,,,Yes,Yes,,,,,,,,Yes,,,,,Yes,,Yes,,Yes,,,,,,,,,,Yes,Yes,,Yes,,,,,
Dashe Cellars - Family Wineries Tasting Room,,,Yes,,,,,Yes,,,,Yes,,,,Yes,Yes,,,,Yes,,,,,,Yes,,,,Yes,Yes,,,,,,,
"DaVero Sonoma, Inc.",,,,,Yes,,Yes,,,,,,,,Yes,,,,,,,,,,,,,,,,,,,,,,,,
David Coffaro Vineyards & Winery,Yes,Yes,Yes,,Yes,,,Yes,,,,Yes,Yes,Yes,,Yes,Yes,,,,Yes,Yes,,,,,,,,,,,,Yes,,,,,
Davis Family Winery,,,Yes,,,,,,,,,,,Yes,,Yes,,,Yes,,,,,,,,,,,,,Yes,,,,,,,
De La Montanya Vineyards,,,Yes,,,,,,Yes,,,,,Yes,Yes,Yes,,,Yes,Yes,Yes,Yes,,Yes,,Yes,,,,,Yes,Yes,,,,,Yes,Yes,Yes
Deerfield Ranch Winery,,,Yes,Yes,,,,,Yes,Yes,,,,Yes,,Yes,Yes,Yes,Yes,,Yes,,,Yes,,,,,,Yes,,Yes,,Yes,,,,Yes,Yes
Deering Winery at Cellars of Sonoma,,,Yes,,,,,,,,,,,Yes,,Yes,,,,,Yes,,,Yes,,,Yes,,,,,,,,,,,,
Dehlinger Winery,,,Yes,,,,,,,,,,,Yes,,,,,Yes,,,,,Yes,,,,,,,,,,,,,,,
Del Carlo Winery,,,Yes,,,,,,,,,,,,,,,,,,Yes,,,,,,,,,,,,,,,,,,
DeLoach Vineyards,,,,,,,,,,,,,,Yes,,,,,,,Yes,,,Yes,,,,,,,,Yes,,,,,,Yes,Yes
deLorimier Winery,,,Yes,Yes,,,,,,Yes,,,,,Yes,Yes,,Yes,,,Yes,,,Yes,,,,,,,,Yes,,Yes,,,,,Yes
Desmond Estate Vineyards,,,,,,,,,,,,,,Yes,,,,,,,,,,Yes,,,,,,,,,,,,,,,
Deux Amis Wines,,,Yes,,,,,,,,,Yes,,,,Yes,,,,,Yes,,,,,,,,,,,,,,,,,,
Dom Whitney Wines,,,,,,,,,,,,,,,,Yes,Yes,,,,Yes,,,,,,,,,Yes,,,,,,,,,
Donelan Family Wines,,,,,,,,,,,,,,Yes,,Yes,,,Yes,,,,,Yes,,,,,,,,Yes,,,,,Yes,Yes,
Dry Creek Vineyard,,,Yes,,,,,,Yes,Yes,,Yes,,Yes,,Yes,Yes,,,,Yes,,,Yes,Yes,,,,,,,Yes,,Yes,,,,,Yes
Dunstan Wines,,,,,,,,,,,,,,Yes,,,,,,,,,,Yes,,,,,,,,Yes,,,,,,,
Dutcher Crossing Winery,,,Yes,,,,,,,,,Yes,,Yes,,Yes,Yes,,Yes,,Yes,,,,,,,,,,,,,,,,,,
Dutton Estate Winery,,,,,,,,,,,,,,Yes,,,Yes,,Yes,,,,,Yes,,,,,,,,Yes,,Yes,,,,,
Dutton-Goldfield Winery,,,,,,,,,,,,,,Yes,,Yes,,,Yes,,,,,Yes,,Yes,,,Yes,,Yes,,,,,,,,
Ektimo Vineyards,,,,,,,,,,,,,,Yes,,,,,,,Yes,,,Yes,,,,,,,Yes,Yes,,Yes,,,,,
Emeritus Vineyards,,,,,,,,,,,,,,Yes,,,,,,,,,,,,,,,,,,Yes,,,,,,,
En Garde Winery,,,Yes,Yes,,,,,,,,Yes,,Yes,,Yes,Yes,,,Yes,,,Yes,,,,,,,,,Yes,,,,,,,
Enkidu Wine Tasting Room,,Yes,Yes,,,,,,,,,Yes,,Yes,,Yes,,,Yes,,Yes,,,Yes,,,,,,,,Yes,,Yes,,,,,
Enriquez Estate Wines,,,,,,,,,,,,,,,,,,,,,,,,,,,,,,,,,,,,,,,
Envolve Winery,,,,,,,,,,,,,,,,,,,,,,,,,,,,,,,,,,,,,,,
Eric Kent Wine Cellars,,,,,,,,,,,,,,,,,,,,,,,,,,,,,,,,,,,,,,,
Eric Ross Winery,,,,,,,,,,,,,,,,,,,,,,,,,,,,,,,,,,,,,,,
Everett Ridge Vineyards & Winery,,,,,,,,,,,,,,,,,,,,,,,,,,,,,,,,,,,,,,,
F. Teldeschi Winery,,,,,,,,,,,,,,,,,,,,,,,,,,,,,,,,,,,,,,,
Family Wineries Dry Creek Valley Tasting Room,,,,,,,,,,,,,,,,,,,,,,,,,,,,,,,,,,,,,,,
Favero Vineyards,,,,,,,,,,,,,,,,,,,,,,,,,,,,,,,,,,,,,,,
Ferrari-Carano Vineyards & Winery,,,,,,,,,,,,,,,,,,,,,,,,,,,,,,,,,,,,,,,
Ferrari-Carano's Seasons of the Vineyard Tasting Bar & Boutique,,,,,,,,,,,,,,,,,,,,,,,,,,,,,,,,,,,,,,,
Field Stone Winery,,,,,,,,,,,,,,,,,,,,,,,,,,,,,,,,,,,,,,,
Fisher Vineyards,,,,,,,,,,,,,,,,,,,,,,,,,,,,,,,,,,,,,,,
Fog Crest Vineyard,,,,,,,,,,,,,,,,,,,,,,,,,,,,,,,,,,,,,,,
Fogline Vineyards,,,,,,,,,,,,,,,,,,,,,,,,,,,,,,,,,,,,,,,
Foppiano Vineyards,,,,,,,,,,,,,,,,,,,,,,,,,,,,,,,,,,,,,,,
Foppoli Wines,,,,,,,,,,,,,,,,,,,,,,,,,,,,,,,,,,,,,,,
Forchini Vineyards and Winery,,,,,,,,,,,,,,,,,,,,,,,,,,,,,,,,,,,,,,,
Fort Ross Vineyard & Tasting Room,,,,,,,,,,,,,,,,,,,,,,,,,,,,,,,,,,,,,,,
Forth Vineyards - Family Wineries Tasting Room,,,,,,,,,,,,,,,,,,,,,,,,,,,,,,,,,,,,,,,
Francis Ford Coppola Winery,,,,,,,,,,,,,,,,,,,,,,,,,,,,,,,,,,,,,,,
Frick Winery,,,,,,,,,,,,,,,,,,,,,,,,,,,,,,,,,,,,,,,
Fritz Underground Winery,,,,,,,,,,,,,,,,,,,,,,,,,,,,,,,,,,,,,,,
Frostwatch Vineyard & Winery,,,,,,,,,,,,,,,,,,,,,,,,,,,,,,,,,,,,,,,
Gamba Vineyards & Winery,,,,,,,,,,,,,,,,,,,,,,,,,,,,,,,,,,,,,,,
Gann Family Cellars - Cellars of Sonoma,,,,,,,,,,,,,,,,,,,,,,,,,,,,,,,,,,,,,,,
Gary Farrell Vineyards & Winery,,,,,,,,,,,,,,,,,,,,,,,,,,,,,,,,,,,,,,,
Geyser Peak Winery,,,,,,,,,,,,,,,,,,,,,,,,,,,,,,,,,,,,,,,
Gloria Ferrer Caves & Vineyards,,,,,,,,,,,,,,,,,,,,,,,,,,,,,,,,,,,,,,,
Gordian Knot Winery,,,,,,,,,,,,,,,,,,,,,,,,,,,,,,,,,,,,,,,
Gourmet Au Bay,,,,,,,,,,,,,,,,,,,,,,,,,,,,,,,,,,,,,,,
Gracianna Winery,,,,,,,,,,,,,,,,,,,,,,,,,,,,,,,,,,,,,,,
Graton Ridge Cellars,,,,,,,,,,,,,,,,,,,,,,,,,,,,,,,,,,,,,,,
Gundlach Bundschu Winery,,,,,,,,,,,,,,,,,,,,,,,,,,,,,,,,,,,,,,,
Hafner Vineyard,,,,,,,,,,,,,,,,,,,,,,,,,,,,,,,,,,,,,,,
Halleck Vineyard,,,,,,,,,,,,,,,,,,,,,,,,,,,,,,,,,,,,,,,
Hamel Family Wines,,,,,,,,,,,,,,,,,,,,,,,,,,,,,,,,,,,,,,,
Hanna Winery - Alexander Valley Hospitality Center,,,,,,,,,,,,,,,,,,,,,,,,,,,,,,,,,,,,,,,
Hanna Winery - Russian River Valley,,,,,,,,,,,,,,,,,,,,,,,,,,,,,,,,,,,,,,,
Hans Fahden Winery,,,,,,,,,,,,,,,,,,,,,,,,,,,,,,,,,,,,,,,
Hanzell Vineyards,,,,,,,,,,,,,,,,,,,,,,,,,,,,,,,,,,,,,,,
Hartford Family Winery,,,,,,,,,,,,,,,,,,,,,,,,,,,,,,,,,,,,,,,
Hartford Family Winery Tasting Room & Salon - Healdsburg,,,,,,,,,,,,,,,,,,,,,,,,,,,,,,,,,,,,,,,
Hart's Desire Wines,,,,,,,,,,,,,,,,,,,,,,,,,,,,,,,,,,,,,,,
Harvest Moon Estate & Winery,,,,,,,,,,,,,,,,,,,,,,,,,,,,,,,,,,,,,,,
Hauck Cellars,,,,,,,,,,,,,,,,,,,,,,,,,,,,,,,,,,,,,,,
Hawkes Winery,,,,,,,,,,,,,,,,,,,,,,,,,,,,,,,,,,,,,,,
Hawkes Winery Tasting Room - Sonoma,,,,,,,,,,,,,,,,,,,,,,,,,,,,,,,,,,,,,,,
Hawley Vineyards & Winery,,,,,,,,,,,,,,,,,,,,,,,,,,,,,,,,,,,,,,,
Hawley Winery Tasting Room and Gallery,,,,,,,,,,,,,,,,,,,,,,,,,,,,,,,,,,,,,,,
Heart of Sonoma Valley Wine Trail,,,,,,,,,,,,,,,,,,,,,,,,,,,,,,,,,,,,,,,
Highway 12 Vineyards & Winery,,,,,,,,,,,,,,,,,,,,,,,,,,,,,,,,,,,,,,,
Hirsch Winery & Vineyards,,,,,,,,,,,,,,,,,,,,,,,,,,,,,,,,,,,,,,,
HKG Estate Wines,,,,,,,,,,,,,,,,,,,,,,,,,,,,,,,,,,,,,,,
Holdredge Wines,,,,,,,,,,,,,,,,,,,,,,,,,,,,,,,,,,,,,,,
Homewood Winery,,,,,,,,,,,,,,,,,,,,,,,,,,,,,,,,,,,,,,,
Hook & Ladder Winery,,,,,,,,,,,,,,,,,,,,,,,,,,,,,,,,,,,,,,,
Horse and Plow,,,,,,,,,,,,,,,,,,,,,,,,,,,,,,,,,,,,,,,
Hudson Street Wineries,,,,,,,,,,,,,,,,,,,,,,,,,,,,,,,,,,,,,,,
Icaria Creek Winery,,,,,,,,,,,,,,,,,,,,,,,,,,,,,,,,,,,,,,,
Imagery Estate Winery,,,,,,,,,,,,,,,,,,,,,,,,,,,,,,,,,,,,,,,
Inman Family Wines,,,,,,,,,,,,,,,,,,,,,,,,,,,,,,,,,,,,,,,
Inspiration Vineyards,,,,,,,,,,,,,,,,,,,,,,,,,,,,,,,,,,,,,,,
Iron Horse Vineyards,,,,,,,,,,,,,,,,,,,,,,,,,,,,,,,,,,,,,,,
J Vineyards & Winery,,,,,,,,,,,,,,,,,,,,,,,,,,,,,,,,,,,,,,,
J. Keverson Winery,,,,,,,,,,,,,,,,,,,,,,,,,,,,,,,,,,,,,,,
J. Rickards Winery,,,,,,,,,,,,,,,,,,,,,,,,,,,,,,,,,,,,,,,
Jacuzzi Family Vineyards,,,,,,,,,,,,,,,,,,,,,,,,,,,,,,,,,,,,,,,
James Family Cellars - Cellars of Sonoma,,,,,,,,,,,,,,,,,,,,,,,,,,,,,,,,,,,,,,,
JCB Winery,,,,,,,,,,,,,,,,,,,,,,,,,,,,,,,,,,,,,,,
Jigar Wines,,,,,,,,,,,,,,,,,,,,,,,,,,,,,,,,,,,,,,,
Johnson's Alexander Valley,,,,,,,,,,,,,,,,,,,,,,,,,,,,,,,,,,,,,,,
Jordan Vineyard & Winery,,,,,,,,,,,,,,,,,,,,,,,,,,,,,,,,,,,,,,,
Joseph Jewell Wines Tasting Room,,,,,,,,,,,,,,,,,,,,,,,,,,,,,,,,,,,,,,,
Joseph Phelps Freestone Vineyards,,,,,,,,,,,,,,,,,,,,,,,,,,,,,,,,,,,,,,,
Joseph Swan Vineyards,,,,,,,,,,,,,,,,,,,,,,,,,,,,,,,,,,,,,,,
Kachina Vineyards,,,,,,,,,,,,,,,,,,,,,,,,,,,,,,,,,,,,,,,
Kamen Estate Wines,,,,,,,,,,,,,,,,,,,,,,,,,,,,,,,,,,,,,,,
Karah Estate Vineyard & Winery,,,,,,,,,,,,,,,,,,,,,,,,,,,,,,,,,,,,,,,
Kastania Vineyards,,,,,,,,,,,,,,,,,,,,,,,,,,,,,,,,,,,,,,,
Keating Wines at Cornerstone Sonoma,,,,,,,,,,,,,,,,,,,,,,,,,,,,,,,,,,,,,,,
Keller Estate Winery,,,,,,,,,,,,,,,,,,,,,,,,,,,,,,,,,,,,,,,
Kelley & Young Wines at Hudson Street Wineries,,,,,,,,,,,,,,,,,,,,,,,,,,,,,,,,,,,,,,,
Kendall-Jackson Wine Estates & Gardens,,,,,,,,,,,,,,,,,,,,,,,,,,,,,,,,,,,,,,,
Kenwood Vineyards & Winery,,,,,,,,,,,,,,,,,,,,,,,,,,,,,,,,,,,,,,,
Ketcham Estate,,,,,,,,,,,,,,,,,,,,,,,,,,,,,,,,,,,,,,,
Kobler Estate Winery,,,,,,,,,,,,,,,,,,,,,,,,,,,,,,,,,,,,,,,
Kokomo Winery,,,,,,,,,,,,,,,,,,,,,,,,,,,,,,,,,,,,,,,
Korbel Champagne Cellars,,,,,,,,,,,,,,,,,,,,,,,,,,,,,,,,,,,,,,,
Korbin Kameron,,,,,,,,,,,,,,,,,,,,,,,,,,,,,,,,,,,,,,,
Krutz Family Cellars,,,,,,,,,,,,,,,,,,,,,,,,,,,,,,,,,,,,,,,
Kunde Family Winery,,,,,,,,,,,,,,,,,,,,,,,,,,,,,,,,,,,,,,,
La Bodega Kitchen,,,,,,,,,,,,,,,,,,,,,,,,,,,,,,,,,,,,,,,
La Crema Tasting Room,,,,,,,,,,,,,,,,,,,,,,,,,,,,,,,,,,,,,,,
La Follette Wines at the Barlow,,,,,,,,,,,,,,,,,,,,,,,,,,,,,,,,,,,,,,,
La Rochelle Wines,,,,,,,,,,,,,,,,,,,,,,,,,,,,,,,,,,,,,,,
La Sirena at Cellars of Sonoma,,,,,,,,,,,,,,,,,,,,,,,,,,,,,,,,,,,,,,,
Lago di Merlo Vineyards - Family Wineries Tasting Room,,,,,,,,,,,,,,,,,,,,,,,,,,,,,,,,,,,,,,,
Lake Sonoma Winery,,,,,,,,,,,,,,,,,,,,,,,,,,,,,,,,,,,,,,,
Lambert Bridge Winery,,,,,,,,,,,,,,,,,,,,,,,,,,,,,,,,,,,,,,,
Lancaster Estate,,,,,,,,,,,,,,,,,,,,,,,,,,,,,,,,,,,,,,,
Landa Vineyards,,,,,,,,,,,,,,,,,,,,,,,,,,,,,,,,,,,,,,,
Landmark Vineyards,,,,,,,,,,,,,,,,,,,,,,,,,,,,,,,,,,,,,,,
Larson Family Winery,,,,,,,,,,,,,,,,,,,,,,,,,,,,,,,,,,,,,,,
Lasseter Family Winery,,,,,,,,,,,,,,,,,,,,,,,,,,,,,,,,,,,,,,,
Lattanzio Wines,,,,,,,,,,,,,,,,,,,,,,,,,,,,,,,,,,,,,,,
Laurel Glen Vineyard,,,,,,,,,,,,,,,,,,,,,,,,,,,,,,,,,,,,,,,
Lauterbach Cellars,,,,,,,,,,,,,,,,,,,,,,,,,,,,,,,,,,,,,,,
Ledson Winery & Vineyards,,,,,,,,,,,,,,,,,,,,,,,,,,,,,,,,,,,,,,,
Limerick Lane Cellars,,,,,,,,,,,,,,,,,,,,,,,,,,,,,,,,,,,,,,,
Lioco Wines,,,,,,,,,,,,,,,,,,,,,,,,,,,,,,,,,,,,,,,
Little Vineyards Family Winery,,,,,,,,,,,,,,,,,,,,,,,,,,,,,,,,,,,,,,,
Littorai Wines,,,,,,,,,,,,,,,,,,,,,,,,,,,,,,,,,,,,,,,
Locals Tasting Room,,,,,,,,,,,,,,,,,,,,,,,,,,,,,,,,,,,,,,,
Longboard Vineyards,,,Yes,,,,,,Yes,,,,,Yes,,Yes,,,Yes,,,Yes,,Yes,,,,,,,,Yes,,Yes,Yes,,,,
Lost Canyon Winery,,,,,,,,,,,,,,Yes,,,,,,,,,,Yes,,,,,,,,,,,,,,,
Loxton Cellars,,,,,,,,,,,,,,Yes,,Yes,Yes,,Yes,,Yes,,,Yes,,,,,,,,Yes,,,,,,,
Lynmar Estate,,,,,,,,,,,,,,Yes,,,,,Yes,,,,,Yes,,,,,,,,Yes,,,,,,,
MacLaren,,,,,,,,,,,,,,Yes,,Yes,,,Yes,,,,,,,,,,,,,,,Yes,,,,,
MacLeod Family Vineyards,,,,,,,,,Yes,,,,,,,,,,,,Yes,,,,,,,,,,,Yes,,Yes,,,,,
MacPhail Tasting Lounge at The Barlow,,,,,,,,,,,,,,Yes,,,,,,,,,,Yes,,,,,,,,Yes,,,,,,,
MacRostie Winery & Vineyards,,,,,,,,,,,,,,Yes,,,,,,,,,,Yes,,,,,,,,,,,,,,,
Madrone Vineyards Estate,,Yes,Yes,,,,,,,,,Yes,,Yes,,Yes,Yes,Yes,,,Yes,Yes,,Yes,,,,,Yes,,,Yes,,Yes,,,,,
Manzanita Creek Wines,,,Yes,Yes,,,,,,,,Yes,,Yes,,Yes,Yes,,Yes,,Yes,,,Yes,,,,,,,,,,,,,,,Yes
Marimar at The Barlow,,,,,,,,,,,,,,Yes,,Yes,,,Yes,Yes,,,Yes,Yes,,,,,,,,,,,,,,Yes,
Marimar Estate,,,,,,,,,,,,,,,,,,,,,,,Yes,,,,,,,,,,,,,,,Yes,
Martin Ray Winery,,,Yes,Yes,,,,,Yes,Yes,,Yes,,Yes,,Yes,Yes,,Yes,,Yes,,,Yes,,,,,,,,Yes,,Yes,,,,Yes,
Martinelli Winery,,,,,,,,,,,,,,Yes,,,,,Yes,,Yes,,,Yes,,,,,,,,,,,,,,,Yes
Martorana Family Winery,,,Yes,,,,,,Yes,,,Yes,,,,,,,,,Yes,,,Yes,,,,,,,,Yes,,,,,,,
Matanzas Creek Winery,,,Yes,,,,,,Yes,,,,,Yes,,Yes,,,,,,,,Yes,,,,,,,,,,Yes,,,,,
Matrix Winery,,,,,,,,,,,,Yes,,Yes,Yes,Yes,,,,,Yes,,,Yes,,,,,,,,Yes,,Yes,,,,,
Mauritson Wines,,,Yes,Yes,,,,,,Yes,,Yes,,Yes,,Yes,Yes,,Yes,,Yes,,,Yes,,,,,,,,Yes,,Yes,,,,,
Mayo Family Winery,,Yes,Yes,Yes,,,,,Yes,Yes,,Yes,Yes,Yes,Yes,Yes,Yes,Yes,Yes,,Yes,Yes,,Yes,,Yes,Yes,,,Yes,,Yes,,Yes,,,Yes,Yes,Yes
Mayo Reserve Room,,Yes,Yes,Yes,,,,,Yes,Yes,,Yes,Yes,Yes,Yes,Yes,Yes,Yes,Yes,,Yes,Yes,,Yes,,Yes,Yes,,,Yes,,Yes,,Yes,,,Yes,Yes,Yes
Mazzocco Sonoma,,,Yes,,,,,,Yes,,,Yes,,,,Yes,,,,,Yes,,,Yes,,,,,,,,,,Yes,,,,,
McEvoy Ranch,,,,,,,,Yes,,,,,,Yes,,,,,Yes,,,,,,,,,,,,,,,,,,Yes,,
Meadowcroft Wines at Cornerstone Sonoma,,,Yes,Yes,,,,,Yes,Yes,,,,Yes,,Yes,,Yes,Yes,,Yes,,,Yes,,,,,,,Yes,,,Yes,,,Yes,,
Medlock Ames Tasting Room,,,Yes,,,,,,Yes,,,,,Yes,,Yes,,,,,,,,Yes,,,,,,,,Yes,,Yes,,,,,Yes
Meeker Vineyard,,,Yes,Yes,,,,Yes,Yes,Yes,,Yes,,Yes,,Yes,Yes,,Yes,,Yes,,,Yes,,,,,,,,Yes,,,,,,,Yes
Mercury Geyserville,,,Yes,Yes,,,,Yes,Yes,Yes,Yes,,Yes,Yes,,Yes,,,,Yes,Yes,,,Yes,,,,,Yes,,,Yes,,,,,,,Yes
Merriam Vineyards,,,Yes,Yes,,,,,Yes,,,,Yes,Yes,,Yes,,,,,,,,Yes,,,,,,,,Yes,,Yes,,,,,
Merry Edwards Winery,,,,,,,,,,,,,,Yes,,,,,,,,,,Yes,,,,,,,,,,Yes,,,,,Yes
Michael Sullberg Wines,,,Yes,,,,,,Yes,,,,,Yes,,Yes,,,,,,,,Yes,,,,,,,,,,,,,,,
Michel-Schlumberger Wine Estate,,,Yes,Yes,,,,,Yes,Yes,,,Yes,Yes,,Yes,Yes,,Yes,,Yes,,,Yes,,,,,Yes,,,Yes,,,Yes,,Yes,,
Mietz Cellars - Family Wineries Tasting Room,,,Yes,Yes,,,,,Yes,,,,Yes,Yes,,Yes,,,Yes,,Yes,,,Yes,,,,,,,,,,,,,,,
Mill Creek Vineyards,,,Yes,,,,,,Yes,,,,,,,,Yes,,Yes,,Yes,,,Yes,,Yes,,,,,,Yes,,,,,,,
MoniClaire Vineyards,,,,,,,,,,,,Yes,,,,,,,,,Yes,,,,,,,,,,,,,Yes,,,,,
Montemaggiore,,,,,,,,,,,,,,,,Yes,,,Yes,,,,,,,,,,,,,Yes,,,,,,Yes,
Moondance Cellars Tasting Room,,,Yes,,,,,,Yes,,,,,Yes,,,,,,,Yes,,,Yes,,,,,,,,,,Yes,,,,,
Moshin Vineyards,,,Yes,,,,,,Yes,,,Yes,,Yes,,Yes,Yes,,Yes,,Yes,,,Yes,,,,,Yes,Yes,,Yes,,,,,,,Yes
Mountain Terraces Vineyard,,,Yes,,,,,,,,,,,,,,,,,,,,,,,,,,,,,,,,,,,,
Mounts Family Winery,,,Yes,Yes,Yes,,,Yes,Yes,Yes,,Yes,,,,Yes,,,Yes,,Yes,,,,,,,,,,,Yes,,,,,Yes,Yes,
Mueller Winery,,,,,,,,,,,,,,Yes,,,Yes,,Yes,,Yes,,,Yes,,,,,,,,,,Yes,,,,,
Munselle Vineyards,,,Yes,,,,,,,,,,Yes,,,,,,,,Yes,,,Yes,,,,,,,,,,Yes,,,,,
Muscardini Cellars,,Yes,Yes,,,,,,Yes,,,,,,,Yes,,Yes,Yes,,Yes,,,,,,,,,Yes,,Yes,,,,,,,
Mutt Lynch Winery,,,Yes,,,,,,Yes,,,Yes,,,Yes,Yes,Yes,,,,Yes,,,Yes,,,,,,,,Yes,,,,,,Yes,
Nalle Winery,,,,,,,,,,,,,,Yes,,Yes,,,,,Yes,,,Yes,,,,,,,,Yes,,,,,,,
Nicholson Ranch Vineyards and Winery,,,,,,,,,Yes,,,,,Yes,,,,,Yes,,,,,Yes,,,,,,,,,,,,,,,
Novy Family Wines,,,,,,,,Yes,,,,,,Yes,,Yes,,,Yes,,Yes,,,Yes,,Yes,,,,,,,,Yes,,,Yes,Yes,Yes
Occidental Road Cellars,,,,,,,,,,,,,,Yes,,,Yes,,Yes,,Yes,,,Yes,,,,,,,,Yes,,Yes,,,,,
O'Connell Vineyards,,,,,,,,,,,,,,Yes,,,,,,,,,,,,,,,,,,,,,,,,,
Old Roma Station,,,,,,,,,,,,,,,,,,,,,,,,,,,,,,,,,,,,,,,
Old World Winery,,,,,,,,,Yes,,,,,,,Yes,,,Yes,,Yes,,,Yes,,,,,,Yes,,,,Yes,,,,,
Optima Wine Cellars,,,Yes,,,,,,,,,Yes,,,,,Yes,,,,Yes,,,,,,,,,,,,,,,,,,
Orpheus Wines,,,,,,,,,Yes,,,,,Yes,,Yes,,,,,Yes,,,,,,,,,,,Yes,,Yes,,,Yes,,Yes
Ousterhout Wine & Vineyard,,,,,,,,,,,,,,Yes,,,,,,,Yes,,,,,,,,,,,Yes,,Yes,,,,,
Owl Ridge at Hudson Street Wineries,,,Yes,,,,,,,,,,Yes,Yes,,,,,,,,,,,,,,,,,,,,Yes,,,,,
Paint Horse Winery,,,Yes,,,,,,Yes,,,,,,,,,,,,,,,Yes,,,,,,,,,,,,,,,
Pangloss Cellars,,,Yes,,,,,Yes,,,,,,Yes,,Yes,,,,,Yes,,,,Yes,,,,,,,,,Yes,,,,Yes,
Papapietro Perry Winery,,,,,,,,,,,,,,Yes,,,,,,,Yes,,,Yes,,,,,,,,Yes,,,,,,,
Paradise Ridge Winery,,,Yes,,,,,,,,,,,Yes,,Yes,,,,,Yes,Yes,,Yes,,,,,,,,Yes,,Yes,,,,Yes,Yes
Paradise Ridge Winery Kenwood Tasting Room,,,Yes,,,,,,,,,,,Yes,,Yes,,,,,Yes,Yes,,Yes,,,,,,,,Yes,,Yes,,,,Yes,Yes
Partake by Kendall-Jackson,,,Yes,,,,,Yes,Yes,,,,,Yes,,Yes,,,Yes,,Yes,,,Yes,,,,,,Yes,Yes,Yes,,Yes,,,,Yes,Yes
Passalacqua Winery,,,Yes,,,,,,,,,,,Yes,,,,Yes,,,Yes,,,Yes,,,,,,,,,,Yes,,,,,
Pasterick Winery,,,,,,,,,,,,,,,,,,,Yes,,,,,,,,,,,,,Yes,,,,,Yes,,
Paul Hobbs Winery,,,Yes,,,,,,,,,,,Yes,,,,,Yes,,,,,Yes,,,,,,,,,,,,,,,
Paul Mathew Vineyards,,,,Yes,,,,,,,,,,Yes,,,,,,,,,,Yes,,,,,,,,Yes,,,,,,,
Pech Merle Winery,,,Yes,Yes,,,,,Yes,,,,,Yes,,,,,,,Yes,,,Yes,,,,,,,,Yes,,Yes,,,,,
Pedroncelli Winery,,,Yes,,,,,,Yes,,,Yes,,Yes,,Yes,Yes,Yes,,,Yes,,,Yes,,,,,,,,Yes,,Yes,,,,Yes,
Pellegrini Family Vineyards & Winery,,,Yes,,,,,,Yes,,,,,Yes,,,,,,,Yes,,,Yes,,,,,,,,,,Yes,,,,,
Pendleton Estate Vineyards & Winery,,,Yes,,,,,,,,Yes,Yes,,,,Yes,Yes,,,,Yes,,,,,,,,,,,Yes,,,,,,,
Peter Cellars,,,Yes,,,,,,,,,,,Yes,,,,,Yes,,,,,Yes,,,,,,,,Yes,,,,,,,
Peters Family Winery,,,,,,,,,,,,,,,,,,,,,,,,,,,,,,,,,,,,,,,
Peterson Winery,,Yes,Yes,,Yes,,,Yes,Yes,,,Yes,Yes,,,Yes,Yes,Yes,Yes,,Yes,,,,,,,,,,,Yes,,Yes,,,,Yes,Yes
Petroni Vineyards,,,Yes,,,,,,,,,,,Yes,,Yes,,Yes,Yes,,,,,Yes,,,,,,,,Yes,,,,,,,
Petroni Vineyards Downtown Sonoma,,,Yes,,,,,,,,,,,Yes,,Yes,,Yes,Yes,,,,,Yes,,,,,,,,Yes,,,,,,,
Pezzi King Vineyards,,,Yes,,,,,,Yes,,,,,,,Yes,,,,,Yes,,,Yes,,,,,,,,Yes,,Yes,,,,,Yes
Philip Staley Vineyards & Winery - Family Wineries Tasting Room,,,,,Yes,,,Yes,,,Yes,,,Yes,,Yes,Yes,,,Yes,,,,Yes,,,,,,,,Yes,,Yes,Yes,,Yes,Yes,Yes
Portalupi Wines,,,,,,,,,,,,,,Yes,,Yes,Yes,,,,Yes,,,,,,,,,,,,,,,Yes,,,
Porter Bass Winery,,,,,,,,,,,,,,Yes,,,,,,,Yes,,,Yes,,,,,,,,,,,,,,,
Porter Creek Vineyards,,,,,Yes,,,,,,,,,Yes,,,,,Yes,,Yes,,,Yes,,,,,,,,,,,,,Yes,,
Poseidon Vineyard & Obsidian Ridge Winery,,,,,,,,,,,,,,Yes,,,,,,,,,,Yes,,,,,,,,Yes,,,,,,,
Preston of Dry Creek,,Yes,,,Yes,,,Yes,,,,Yes,,,,Yes,,,Yes,,Yes,,,,,,,Yes,,,,Yes,Yes,Yes,,,Yes,Yes,
Pride Mountain Vineyards,,,Yes,Yes,,,,,Yes,,,,,,,Yes,,Yes,Yes,,,,,Yes,,,,,,,,,,,,,Yes,,
Quivira Vineyards & Winery,,,,,,,,Yes,,,Yes,Yes,,,,Yes,,,Yes,,Yes,,,,,,,,,,,Yes,,Yes,,,,Yes,
R2 Wine Company,,,,,Yes,,,Yes,,,,,,Yes,,Yes,,,,,,,,Yes,,,Yes,,,,,Yes,Yes,,,,Yes,Yes,
Ramazzotti Wines,,Yes,,Yes,,,,Yes,,,,Yes,,,,Yes,Yes,Yes,,,Yes,Yes,,Yes,,,,,,Yes,,Yes,,,,,,,
Ramey Wine Cellars,,,Yes,Yes,,,,,,,,,,Yes,,Yes,,,Yes,,,,,Yes,,,,,,,,,,,,,,,
Ram's Gate Winery,,,Yes,,,,,,,,,,,Yes,,,,,Yes,,,Yes,,Yes,,,,,,,,,,Yes,,,,,
Ravenswood Winery,,,Yes,,,,,,Yes,,,Yes,,,,Yes,,,Yes,,Yes,,,Yes,,,,,,,,,,,,,,,
Raymond Burr Vineyards,,,Yes,Yes,,,,,,Yes,,,,,,Yes,Yes,,,,,,,Yes,,,,,,,,,,,,,,,
Red Car Wine,,,,,,,,Yes,,,,,,Yes,,,,,Yes,,,,,Yes,,,,,,,,Yes,Yes,,,,,,
Ridge Vineyards Lytton Springs,,,Yes,,Yes,,,Yes,,Yes,,Yes,Yes,,,Yes,,,Yes,,Yes,,,Yes,,,,,,,,,,,,,,,
Rielle Wines,,,,,,,,,,,,,,,,,,,,,Yes,,,Yes,,,,,,,,,,,,,,,
Roadhouse Winery,,,Yes,,,,,,,,,,,Yes,,,,,,,Yes,,,,,,,,,,,,,,,,,,
Robert Hunter Winery,,,Yes,,,,,,,,,,,Yes,,,,,,,,Yes,,Yes,,,,,,,,,,,,,,,
Robert Rue Vineyard and Winery,,,,,,,,,,,,,,,,,Yes,,,,Yes,,,,,,,,,,,Yes,,Yes,,,,,
Robert Young Estate Winery,,,Yes,Yes,,,,,Yes,Yes,,,Yes,,,,Yes,,,,,,,Yes,,,,,,,,,,,,,,,
Robledo Family Winery,,,Yes,,,,,,Yes,,,,,Yes,,Yes,,,Yes,Yes,Yes,Yes,,Yes,,,,,,Yes,,,,Yes,,,,,
Roche Winery & Vineyards,,,,,,,,,Yes,,,,,Yes,,Yes,Yes,,Yes,,,,,Yes,,,,,,,,Yes,,,,,,,Yes
Rochioli Vineyard & Winery,,,,,,,,,,,,,,Yes,,,,,Yes,,,,,Yes,,,,,,,,Yes,,Yes,,,,,
Rodney Strong Vineyards,,,Yes,,,,,,Yes,Yes,,,,Yes,,Yes,Yes,,Yes,,Yes,,,Yes,,,,,,,Yes,Yes,,Yes,,,,,
Roth Estate Winery,,,Yes,,,,,,Yes,,,,,Yes,,Yes,,,,,,,,Yes,,,,,,,,,,Yes,,,,,
Route 128 Winery,,,Yes,,,,,,,,,Yes,,Yes,,Yes,,,Yes,,Yes,,,Yes,,,,,,,,,,,,,Yes,,
Rued Wines,,,Yes,,,,,,,,,,,Yes,,,,,,,Yes,,,Yes,,,,,,Yes,,,,Yes,,,,,
Russian Hill Estate Winery,,,,,,,,,,,,,,Yes,,,Yes,,Yes,,,,,,,,,,,,,Yes,,,,,Yes,,Yes
Russian River Vineyards,,,Yes,,,,,,Yes,,,,,Yes,,,,,,,Yes,,,Yes,,Yes,,,,,,,,,,,,,Yes
Russian River Vineyards at Main Stage West,,,Yes,,,,,,Yes,,,,,Yes,,,,,,,Yes,,,Yes,,Yes,,,,,,,,,,,,,Yes
Sable Ridge Vineyards,,,,,,,,,,,,Yes,,,,Yes,Yes,,Yes,,Yes,,,,,,,,,,,,,,,,,,
Sanglier Cellars,,,Yes,,,,,Yes,Yes,,,,,Yes,,Yes,,,Yes,,,,,Yes,,,,,,,,Yes,,Yes,,,,Yes,
Santa Rosa Vintners Square,Yes,Yes,Yes,,,,,Yes,,,,Yes,,Yes,,Yes,Yes,Yes,Yes,,Yes,,,Yes,,,Yes,,,,,Yes,,Yes,,,,,Yes
Sapphire Hill Winery,,Yes,Yes,Yes,,,,,,,,,,Yes,,Yes,Yes,Yes,,,Yes,,,Yes,,Yes,,,,,,Yes,,,,,,Yes,Yes
Sbragia Family Vineyards,,,Yes,,,,,,Yes,,,Yes,,,,Yes,Yes,,,,Yes,,,Yes,,,,,,,,Yes,,,,,,,
Schug Carneros Estate Winery,,,Yes,,,,,,Yes,Yes,,,,Yes,,,,,,,,Yes,,Yes,,,,,,,Yes,,,Yes,,,,,Yes
Scribe Winery,,,Yes,,,,,,,,,,,Yes,,Yes,,,Yes,,,,,Yes,,,,,,,Yes,,,,,,,,
Sebastiani Vineyards & Winery,,,Yes,,,,,,Yes,Yes,,Yes,,Yes,,Yes,Yes,,,,Yes,,,Yes,,,,,,,,,Yes,Yes,,,Yes,,Yes
Seghesio Family Vineyards,Yes,Yes,,,,,,Yes,,,,Yes,,Yes,,Yes,,Yes,,,Yes,,,,,,,,,Yes,,,,,,Yes,,,
Selby Winery,,,,,,,,,Yes,Yes,,Yes,Yes,Yes,,,Yes,,Yes,,Yes,Yes,,Yes,,Yes,,,,,,,,Yes,,,,,Yes
Sheldon Wines,,,Yes,,,,,Yes,,,,Yes,,Yes,,,,,,,,,,,,,Yes,,,,,Yes,,,,,,,
Shippey Vineyards at Hudson Street Wineries,,,,,,,,,,,,Yes,,,,Yes,,,,,Yes,,,,,,,,,,,,,,,,,,
Shone Farm Tasting Room,,,,,,,,,,,,,,,,,,,,,,,,,,,,,,,,,,,,,,,
Siduri Wines,,,,,,,,,,,,,,Yes,,,,,,,,,,,,,,,,,,,,,,,,,
Sigh,,,,,,,,,,,,,,,,,,,,,,Yes,,,,,,,,,,,,,,,,,
Silver Oak Cellars,,,Yes,,,,,,,,,,,,,,,,,,,,,,,,,,,,,,,,,,,,
Simi Winery,,,Yes,,,,,,Yes,,,Yes,Yes,Yes,,,,,,,Yes,,,Yes,,,,,,Yes,Yes,Yes,,Yes,,,,Yes,Yes
Simoncini Vineyards,,,Yes,,,,,,,,,,,Yes,,Yes,,,,,Yes,Yes,,Yes,,,,,,,,Yes,,Yes,,,Yes,Yes,
Skewis Wines,,,,,,,,,,,,,,Yes,,,,,,,,,,,,,,,,,,,,,,,,,
Skipstone Ranch at Ma(i)sonry Napa Valley,,,Yes,Yes,,,,,,,,,,,,,,,,,,,,,,,,,,,,,,,,,Yes,,
Small Vines Wines,,,,,,,,,,,,,,Yes,,,,,,,,,,Yes,,,,,,,,Yes,,,,,,,
Soda Rock Winery,,,Yes,,,,,,Yes,,,,,,Yes,Yes,,,,,Yes,,,Yes,,,,,,,,Yes,,Yes,,,,,
Sojourn Cellars,,,Yes,,,,,,,,,,,Yes,,,,,,,,,,Yes,,,,,,,,,,,,,,,
Sonoma Coast Vineyards,,,,,,,,,,,,,,Yes,,,,,Yes,,,Yes,,Yes,,,,,,,,,,,,,,,
Sonoma House at Patz & Hall,,,,,,,,,,,,,,Yes,,,,,,,,Yes,,Yes,,,,,,,,,,,,,,,Yes
Sonoma Portworks,,,,,,,,,,,,,,,,,Yes,,,,,,,,,,,,,,,,,,,,,,Yes
Sonoma Wine Shop,,,,,,,,,,,,,,,,,,,,,,,,,,,,,,,,,,,,,,,
Sonoma Wine Shop,,,,,,,,,,,,,,,,,,,,,,,,,,,,,,,,,,,,,,,
Sonoma-Cutrer Vineyards,,,,,,,,,,,,,,Yes,,,,,,,,,,Yes,,,,,,,,,,,,,,,Yes
Sophie's Cellars,,Yes,Yes,Yes,,,,Yes,Yes,Yes,,Yes,,Yes,,Yes,Yes,,Yes,Yes,Yes,Yes,Yes,Yes,,Yes,,,,Yes,Yes,Yes,,Yes,,,Yes,Yes,Yes
Spann Vineyards,,,Yes,Yes,,Yes,,,Yes,Yes,Yes,Yes,Yes,,Yes,Yes,,,Yes,Yes,Yes,,,Yes,,,,,,,,Yes,,,Yes,,Yes,Yes,
Split Creek Farms,,,Yes,,,,Yes,,Yes,,,Yes,,Yes,,,,,,,Yes,,,Yes,,,,,,,Yes,,,,,,Yes,,
St. Anne's Crossing Winery,,,Yes,,,,,,Yes,Yes,,,,,,,,,,,Yes,,,Yes,,,,,,,,,,Yes,,,,,
St. Francis Winery & Vineyards,,,Yes,,,,,,Yes,,,,,Yes,,Yes,,,,,Yes,,,Yes,,Yes,,,,,,,,Yes,,,,Yes,
Stark Wine,,,,,Yes,,,Yes,,,,,,,Yes,Yes,,,Yes,,,,,,,,Yes,,,,,Yes,,,,,Yes,,
Starlite Vineyards,,,Yes,,,,,,,,,,,,,,,,,,Yes,,,,,,,,,,,,,,,,Yes,,
Station 1870,,,,,,,,,,,,,,,,,,,,,,,,,,,,,,,,,,,,,,,
Stemmler Winery,,,,,,,,,,,,,,Yes,,,,,,,,,,Yes,,,,,,,,Yes,,,,,,,
Stephen & Walker Trust Winery,,,Yes,,Yes,,,,,,,Yes,,Yes,,,Yes,,,,Yes,,,Yes,,,,,,,,Yes,,Yes,,,,,Yes
Stone Edge Farm Winery,,,Yes,,,,,,,,,,,,,Yes,,,,,,,,,,,,,,,,,,Yes,,,,,
Stonestreet Estate Vineyards,,,Yes,,,,,,,,,,,,,Yes,,,,,,,,Yes,,,,,,,Yes,,,Yes,Yes,,,Yes,
Stonestreet Tasting Room downtown Healdsburg,,,Yes,,,,,,,,,,,,,Yes,,,,,,,,Yes,,,,,,,Yes,,,Yes,Yes,,,Yes,
Stryker Sonoma Winery and Vineyards,,,Yes,Yes,,,,,Yes,,,,,,,Yes,,Yes,,,Yes,,,Yes,,,,,,,,,,,Yes,,,,Yes
Stubbs Vineyard,,,,,,,,,,,,,,,,,,,,,,,,,,,,,,,,,,,,,,,
Stuhlmuller Vineyards,,,,,,,,,,,,,,,,,,,,,,,,,,,,,,,,,,,,,,,
Sunce Winery,,,,,,,,,,,,,,,,,,,,,,,,,,,,,,,,,,,,,,,
Super Sonoman - Cellars of Sonoma,,,,,,,,,,,,,,,,,,,,,,,,,,,,,,,,,,,,,,,
T R Elliott - Cellars of Sonoma,,,,,,,,,,,,,,,,,,,,,,,,,,,,,,,,,,,,,,,
Taft Street Winery,,,,,,,,,,,,,,,,,,,,,,,,,,,,,,,,,,,,,,,
Talisman Wines,,,,,,,,,,,,,,,,,,,,,,,,,,,,,,,,,,,,,,,
Talty Vineyards & Winery,,,,,,,,,,,,,,,,,,,,,,,,,,,,,,,,,,,,,,,
Tara Bella Winery,,,,,,,,,,,,,,,,,,,,,,,,,,,,,,,,,,,,,,,
Tasting Room on the Green,,,,,,,,,,,,,,,,,,,,,,,,,,,,,,,,,,,,,,,
The Barlow,,,,,,,,,,,,,,,,,,,,,,,,,,,,,,,,,,,,,,,
The Calling,,,,,,,,,,,,,,,,,,,,,,,,,,,,,,,,,,,,,,,
The Donum Estate,,,,,,,,,,,,,,,,,,,,,,,,,,,,,,,,,,,,,,,
The Home of Two Arrowheads,,,,,,,,,,,,,,,,,,,,,,,,,,,,,,,,,,,,,,,
The Natural Process Alliance,,,,,,,,,,,,,,,,,,,,,,,,,,,,,,,,,,,,,,,
Thomas George Estates,,,,,,,,,,,,,,,,,,,,,,,,,,,,,,,,,,,,,,,
Three Sticks Wines,,,,,,,,,,,,,,,,,,,,,,,,,,,,,,,,,,,,,,,
Thumbprint Cellars,,,,,,,,,,,,,,,,,,,,,,,,,,,,,,,,,,,,,,,
Tin Barn Vineyards,,,,,,,,,,,,,,,,,,,,,,,,,,,,,,,,,,,,,,,
Toad Hollow Vineyards Tasting Room,,,,,,,,,,,,,,,,,,,,,,,,,,,,,,,,,,,,,,,
Topel Winery-Tasting Room,,,,,,,,,,,,,,,,,,,,,,,,,,,,,,,,,,,,,,,
Trattore Estate Wines,,,,,,,,,,,,,,,,,,,,,,,,,,,,,,,,,,,,,,,
Trecini Winery,,,,,,,,,,,,,,,,,,,,,,,,,,,,,,,,,,,,,,,
Trentadue Winery,,,,,,,,,,,,,,,,,,,,,,,,,,,,,,,,,,,,,,,
Trione Vineyards & Winery,,,,,,,,,,,,,,,,,,,,,,,,,,,,,,,,,,,,,,,
Truett-Hurst Winery,,,,,,,,,,,,,,,,,,,,,,,,,,,,,,,,,,,,,,,
Two Amigos Wines,,,,,,,,,,,,,,,,,,,,,,,,,,,,,,,,,,,,,,,
Two Shepherds,,,,,,,,,,,,,,,,,,,,,,,,,,,,,,,,,,,,,,,
Twomey Cellars,,,,,,,,,,,,,,,,,,,,,,,,,,,,,,,,,,,,,,,
Ty Caton Vineyards,,,,,,,,,,,,,,,,,,,,,,,,,,,,,,,,,,,,,,,
Unti Vineyards and Winery,,,,,,,,,,,,,,,,,,,,,,,,,,,,,,,,,,,,,,,
Uptick Vineyards Tasting Room,,,,,,,,,,,,,,,,,,,,,,,,,,,,,,,,,,,,,,,
Valdez Family Winery,,,,,,,,,,,,,,,,,,,,,,,,,,,,,,,,,,,,,,,
Verite Estate Winery,,,,,,,,,,,,,,,,,,,,,,,,,,,,,,,,,,,,,,,
Viansa Sonoma,,,,,,,,,,,,,,,,,,,,,,,,,,,,,,,,,,,,,,,
Victor Hill Wines,,,,,,,,,,,,,,,,,,,,,,,,,,,,,,,,,,,,,,,
Viluko Vineyards,,,,,,,,,,,,,,,,,,,,,,,,,,,,,,,,,,,,,,,
Vine & Barrel Wines,,,,,,,,,,,,,,,,,,,,,,,,,,,,,,,,,,,,,,,
Viszlay Vineyards & Family Winery,,,,,,,,,,,,,,,,,,,,,,,,,,,,,,,,,,,,,,,
"VJB Vineyards, Cellars & Marketplace",,,,,,,,,,,,,,,,,,,,,,,,,,,,,,,,,,,,,,,
VML Winery,,,,,,,,,,,,,,,,,,,,,,,,,,,,,,,,,,,,,,,
Volante Vineyards,,,,,,,,,,,,,,,,,,,,,,,,,,,,,,,,,,,,,,,
Walt Wines,,,,,,,,,,,,,,,,,,,,,,,,,,,,,,,,,,,,,,,
Wattle Creek Winery,,,,,,,,,,,,,,,,,,,,,,,,,,,,,,,,,,,,,,,
Wellington Vineyards,,,,,,,,,,,,,,,,,,,,,,,,,,,,,,,,,,,,,,,
West Wines,,,,,,,,,,,,,,,,,,,,,,,,,,,,,,,,,,,,,,,
White Oak Vineyards & Winery,,,,,,,,,,,,,,,,,,,,,,,,,,,,,,,,,,,,,,,
Williams Selyem,,,,,,,,,,,,,,,,,,,,,,,,,,,,,,,,,,,,,,,
Williamson Wines,,,,,,,,,,,,,,,,,,,,,,,,,,,,,,,,,,,,,,,
Willowbrook Cellars at Hudson Street Wineries,,,,,,,,,,,,,,,,,,,,,,,,,,,,,,,,,,,,,,,
Wilson Winery,,,,,,,,,,,,,,,,,,,,,,,,,,,,,,,,,,,,,,,
Wind Gap Wines at the Barlow,,,,,,,,,,,,,,,,,,,,,,,,,,,,,,,,,,,,,,,
Windsor Oaks Vineyards & Winery,,,,,,,,,,,,,,,,,,,,,,,,,,,,,,,,,,,,,,,
Windsor Tasting Lounge,,,,,,,,,,,,,,,,,,,,,,,,,,,,,,,,,,,,,,,
Windsor Vineyards,,,,,,,,,,,,,,,,,,,,,,,,,,,,,,,,,,,,,,,
Wine Emporium,,,,,,,,,,,,,,,,,,,,,,,,,,,,,,,,,,,,,,,
Wine Guerrilla,,,,,,,,,,,,,,,,,,,,,,,,,,,,,,,,,,,,,,,
Woodenhead,,,,,,,,,,,,,,,,,,,,,,,,,,,,,,,,,,,,,,,
Yoakim Bridge Vineyards & Winery,,,,,,,,,,,,,,,,,,,,,,,,,,,,,,,,,,,,,,,
